{
  "project_info": {
    "project_number": "865966356006",
    "project_id": "feedtheneed-f5813",
    "storage_bucket": "feedtheneed-f5813.appspot.com"
  },
  "client": [
    {
      "client_info": {
        "mobilesdk_app_id": "1:865966356006:android:6d976634ed8a113b0718e7",
        "android_client_info": {
          "package_name": "com.example.OneMeal"
        }
      },
      "oauth_client": [
        {
          "client_id": "865966356006-jhis062ich20v2tgs0f18v6v4tsg04j3.apps.googleusercontent.com",
          "client_type": 1,
          "android_info": {
            "package_name": "com.example.OneMeal",
            "certificate_hash": "d1fe2aab65280f9584b9f20846a96c048546bec1"
          }
        },
        {
          "client_id": "865966356006-e29a3jir5j1ohqdldauh74v7pd0u4nse.apps.googleusercontent.com",
          "client_type": 3
        }
      ],
      "api_key": [
        {
          "current_key": "AIzaSyCfx0cm_nAsFfHQyrm_FuSBe_QBJH-PE7s"
        }
      ],
      "services": {
        "appinvite_service": {
          "other_platform_oauth_client": [
            {
              "client_id": "865966356006-e29a3jir5j1ohqdldauh74v7pd0u4nse.apps.googleusercontent.com",
              "client_type": 3
            }
          ]
        }
      }
    }
  ],
  "configuration_version": "1"
}